,position,company_Name,loacation
0,Back End Developer,HDFC Bank,"Mumbai, Maharashtra, India"
1,Backend Developer - SDE III,Ola,Greater Bengaluru Area
2,Backend Developer (Node.js),Jio,"Bengaluru, Karnataka, India"
3,Backend Developer,MishiPay,"Bengaluru, Karnataka, India"
4,Backend Developer,BeGig,India
5,Back End Developer,Solventek,"Hyderabad, Telangana, India"
6,Back End Developer,Paytm,"Delhi, India"
7,Backend Developer (NodeJs),Wikiance,"Kolkata, West Bengal, India"
8,Back End Developer,Book Keeper App,"Delhi, India"
9,BACKEND Developer,Rocketbot RPA Suite,India
10,Back End Developer,5C Network,"Karnataka, India"
11,Back End Developer,eReinsure,"Hyderabad, Telangana, India"
12,Backend Developer - SE / SSE,Paytm Money,"Bengaluru, Karnataka, India"
13,Back End Developer,Wonderhood,"New Delhi, Delhi, India"
14,Senior Backend Developer,Saarthi.ai,"Bangalore Urban, Karnataka, India"
15,PHP Backend Developer,Boostmyshop International,"Puducherry, India"
16,Senior Backend Developer,INTEGRTR,"Gurugram, Haryana, India"
17,Back End Developer,PingDR.in,"Surat, Gujarat, India"
18,Lead Backend Developer,MTX Group,India
19,Software Engineer 2 - Backend Developer,Juniper Networks,"Bengaluru, Karnataka, India"
20,Backend Developer (.Net Core) - SSE /SE,Optym,"Bengaluru, Karnataka, India"
21,Senior Backend Developer - Perfecto,Perforce Software,"Pune, Maharashtra, India"
22,Salesforce Cloud Commerce B2C (SGJC) - Backend Developer,Valtech,"Bengaluru, Karnataka, India"
23,Front End ReactJS Developer_I&I,DBS Bank,"Hyderabad, Telangana, India"
24,Back End Developer,Sandbox,"Ahmedabad, Gujarat, India"
25,Back End Developer,Tata Consultancy Services,"Bangalore Urban, Karnataka, India"
26,MTS Backend Developer - Saas API,Netskope,"Bengaluru, Karnataka, India"
27,Member of Technical Staff - Backend Developer,Nutanix,"Bangalore Urban, Karnataka, India"
28,Back End Developer,Codezen Tech Solutions,"Mumbai, Maharashtra, India"
29,Senior Engineer â€“ Manageability ( Backend Developer ),Riverbed Technology,"Bengaluru, Karnataka, India"
30,Salesforce Commerce Cloud (SFRA) - Backend - Senior Developer,Valtech,"Bengaluru, Karnataka, India"
31,Sitecore - Backend - Senior Developer,Valtech,"Bengaluru, Karnataka, India"
32,Backend Developer,Civil Maps,"Hyderabad, Telangana, India"
33,Backend Developer,ENVISIONARD,"Hyderabad, Telangana, India"
34,Front End Developer (React JS)_I&I,DBS Bank,"Hyderabad, Telangana, India"
35,Backend Developer,IBM,"Ahmedabad, Gujarat, India"
36,Frontend / Full-Stack Engineer,Headout,"Bengaluru, Karnataka, India"
37,Backend Developer (NodeJS),Mindler,"Delhi, Delhi, India"
38,Backend Developer,Zupee,"New Delhi, Delhi, India"
39,Backend Developer,Yulu,"Bengaluru, Karnataka, India"
40,Graduate ReactJS Developer,Stebr,"Hyderabad, Telangana, India"
41,Backend Developer,BeautifulCode LLP,"Hyderabad, Telangana, India"
42,Backend Developer,Impact App,"Mumbai, Maharashtra, India"
43,Backend Developer,Excellence and Eminence,"Bangalore Urban, Karnataka, India"
44,Backend Developer,AppyHigh Technology,"Hyderabad, Telangana, India"
45,Full Stack Developer,Apple,"Bengaluru, Karnataka, India"
46,Backend Developer,Mathrithms,"Hyderabad, Telangana, India"
47,Backend Developer,Exidio,"Bengaluru, Karnataka, India"
48,Back End Developer,BWJ Tech Solutions Private Limited,"Hyderabad, Telangana, India"
49,Full Stack Engineer,GroundHog,"Hyderabad, Telangana, India"
50,Back End Developer,Trainman,"Gurugram, Haryana, India"
51,Node.js Backend Developer,Harns Technologies PVT LTD,"Bengaluru, Karnataka, India"
52,Java Full stack Developer,Tech Mahindra,"Hyderabad, Telangana, India"
53,Back End Developer,"Groww, India","Bengaluru, Karnataka, India"
54,Back End Developer,Supersourcing,India
55,Back End Developer,OmniPay,"Bangalore Urban, Karnataka, India"
56,Backend Developer,i3systems India,"Mumbai, Maharashtra, India"
57,Backend Developer,Taliun,"Pune, Maharashtra, India"
58,NodeJS Backend developer,Impetus,"Indore, Madhya Pradesh, India"
59,Backend( Python/ Django) Developer,Fractal,"Bengaluru, Karnataka, India"
60,Back End Developer,XTZ eSports,India
61,Back End Developer,Supersub,"Bangalore Urban, Karnataka, India"
62,Junior Full Stack Developer,American Technology Consulting - ATC,"Hyderabad, Telangana, India"
63,Full Stack Engineer,Cisco,"Bangalore Urban, Karnataka, India"
64,ReactJS Developer,JSTECHNO Solutions Pvt.Ltd,"Ahmedabad, Gujarat, India"
65,Full Stack Engineer,Kasper Solutions,"Hyderabad, Telangana, India"
66,Node.Js Developer,Duologue Infotech Pvt Ltd,"Noida, Uttar Pradesh, India"
67,Java Developer,Tata Consultancy Services,"Lucknow, Uttar Pradesh, India"
68,Associate Software Engineer - Java,Boeing,"Bengaluru, Karnataka, India"
69,Java Developer,Techify Solutions Pvt Ltd,"Ahmedabad, Gujarat, India"
